date,count,calendar_type
20181214,119962,金
20181215,110152,土
20181217,135003,月
20181218,188433,火
20181219,114269,水
20181220,118488,木
20181221,121257,金
20181222,118769,土
20181224,124922,月
20181225,166269,火
20181226,125663,水
20181227,121173,木
20181228,125929,金
20181229,116899,土
20181231,91379,月
20190101,51277,火
20190102,72254,水
20190103,108676,木
20190104,91690,金
20190105,90684,土
20190107,95813,月
20190108,156561,火
20190109,98829,水
20190110,103144,木
20190111,106822,金
20190112,102474,土
20190114,94179,月
20190115,149991,火
20190116,99171,水
20190117,97285,木
20190118,104382,金
20190119,97880,土
20190121,92551,月
20190122,161110,火
20190123,94586,水
20190124,101086,木
20190125,102000,金
20190126,102357,土
20190128,96965,月
20190129,158909,火
20190130,91829,水
20190131,96517,木
20190201,106959,金
20190202,103128,土
20190204,105459,月
20190205,173102,火
20190206,97735,水
20190207,96890,木
20190208,109472,金
20190209,111355,土
20190211,91383,月
20190212,145997,火
20190213,94903,水
20190214,96816,木
20190215,124116,金
20190216,100962,土
20190218,98274,月
20190219,156154,火
20190220,99681,水
20190221,99582,木
20190222,109901,金
20190223,102625,土
20190225,98550,月
20190226,165106,火
20190227,99290,水
20190228,95398,木
20190301,107059,金
20190302,111243,土
20190304,125834,月
20190305,159260,火
20190306,92638,水
20190307,102754,木
20190308,110994,金
20190309,104356,土
20190311,101445,月
20190312,171343,火
20190313,104034,水
20190314,92504,木
20190315,109568,金
20190316,108582,土
20190318,101371,月
20190319,163058,火
20190320,101150,水
20190321,101167,木
20190322,113390,金
20190323,113451,土
20190325,104007,月
20190326,165834,火
20190327,104185,水
20190328,113827,木
20190329,121254,金
20190330,111859,土
20190401,104748,月
20190402,167360,火
20190403,99010,水
20190404,105911,木
20190405,119387,金
20190406,110491,土
20190408,105970,月
20190409,174574,火
20190410,100816,水
20190411,106951,木
20190412,113638,金
20190413,118694,土
20190415,108865,月
20190416,182769,火
20190417,111365,水
20190418,107647,木
20190419,117111,金
20190420,114079,土
20190422,111391,月
20190423,183160,火
20190424,113248,水
20190425,106841,木
20190426,125943,金
20190427,111872,土
20190429,104115,月
20190430,169227,火
20190501,112542,水
20190502,110431,木
20190503,117701,金
20190504,116683,土
20190506,107711,月
20190507,171602,火
20190508,115725,水
20190509,109370,木
20190510,123374,金
20190511,117133,土
20190513,103842,月
20190514,177936,火
20190515,103830,水
20190516,112719,木
20190517,122618,金
20190518,113537,土
20190520,102876,月
20190521,178512,火
20190522,109377,水
20190523,96813,木
20190524,114789,金
20190525,115738,土
20190527,106184,月
20190528,188902,火
20190529,117469,水
20190530,116921,木
20190531,116097,金
20190601,128560,土
20190603,112407,月
20190604,188179,火
20190605,116516,水
20190606,110651,木
20190607,131371,金
20190608,120893,土
20190610,104640,月
20190611,170754,火
20190612,102433,水
20190613,98011,木
20190614,131224,金
20190615,112970,土
20190617,103227,月
20190618,174547,火
20190619,110547,水
20190620,105454,木
20190621,130548,金
20190622,114501,土
20190624,111886,月
20190625,179552,火
20190626,110401,水
20190627,107729,木
20190628,128368,金
20190629,119104,土
20190701,113019,月
20190702,179854,火
20190703,110368,水
20190704,112729,木
20190705,129100,金
20190706,119893,土
20190708,116483,月
20190709,188622,火
20190710,108714,水
20190711,111025,木
20190712,116125,金
20190713,109076,土
20190715,100279,月
20190716,165756,火
20190717,110898,水
20190718,103720,木
20190719,124395,金
20190720,115382,土
20190722,105127,月
20190723,172681,火
20190724,114019,水
20190725,110898,木
20190726,123913,金
20190727,122265,土
20190729,114815,月
20190730,183690,火
20190731,109560,水
20190801,119160,木
20190802,124885,金
20190803,135423,土
20190805,120951,月
20190806,186917,火
20190807,116567,水
20190808,116040,木
20190809,130726,金
20190810,124673,土
20190812,116112,月
20190813,167922,火
20190814,99178,水
20190815,104622,木
20190816,110849,金
20190817,109241,土
20190819,114708,月
20190820,155332,火
20190821,110831,水
20190822,105562,木
20190823,115206,金
20190824,109398,土
20190826,127474,月
20190827,178307,火
20190828,101277,水
20190829,102467,木
20190830,139111,金
20190831,115502,土
20190902,125219,月
20190903,181724,火
20190904,108751,水
20190905,118120,木
20190906,130381,金
20190907,131084,土
20190909,126908,月
20190910,192025,火
20190911,115735,水
20190912,114982,木
20190913,154427,金
20190914,130786,土
20190916,117837,月
20190917,181849,火
20190918,132646,水
20190919,123578,木
20190920,133472,金
20190921,129639,土
20190923,124799,月
20190924,192760,火
20190925,137917,水
20190926,138396,木
20190927,140812,金
20190928,151339,土
20190930,137047,月
20191001,210525,火
20191002,142319,水
20191003,136605,木
20191004,114170,金
20191005,109217,土
20191007,98427,月
20191008,143293,火
20191009,97700,水
20191010,91825,木
20191011,111227,金
20191012,66358,土
20191014,98231,月
20191015,121566,火
20191016,101741,水
20191017,89630,木
20191018,105675,金
20191019,104186,土
20191021,126259,月
20191022,164535,火
20191023,104301,水
20191024,105044,木
20191025,131078,金
20191026,107621,土
20191028,105597,月
20191029,164940,火
20191030,101583,水
20191031,107558,木
20191101,132502,金
20191102,107097,土
20191104,110554,月
20191105,165807,火
20191106,112804,水
20191107,109305,木
20191108,121878,金
20191109,116443,土
20191111,117409,月
20191112,167735,火
20191113,107003,水
20191114,109025,木
20191115,115886,金
20191116,105990,土
20191118,113448,月
20191119,164946,火
20191120,108990,水
20191121,101489,木
20191122,117206,金
20191123,102312,土
20191125,98806,月
20191126,161939,火
20191127,106166,水
20191128,104288,木
20191129,125205,金
20191130,111587,土
20191202,119546,月
20191203,190472,火
20191204,104096,水
20191205,124925,木
20191206,126272,金
20191207,115839,土
20191209,108165,月
20191210,179471,火
20191211,111491,水
20191212,112382,木
20191213,113673,金
20191214,118060,土
20191216,107848,月
20191217,181882,火
20191218,113010,水
20191219,115209,木
20191220,130836,金
20191221,120383,土
20191223,128296,月
20191224,177347,火
20191225,108225,水
20191226,105194,木
20191227,118417,金
20191228,118431,土
20191230,137924,月
20191231,138204,火
20200101,44858,水
20200102,88239,木
20200103,66846,金
20200104,75023,土
20200106,93456,月
20200107,147963,火
20200108,99066,水
20200109,90308,木
20200110,103288,金
20200111,95378,土
20200113,100845,月
20200114,150448,火
20200115,97483,水
20200116,100086,木
20200117,103251,金
20200118,94072,土
20200120,97351,月
20200121,149680,火
20200122,98599,水
20200123,94708,木
20200124,107903,金
20200125,93006,土
20200127,102755,月
20200128,164340,火
20200129,95347,水
20200130,91527,木
20200131,109803,金
20200201,109672,土
20200203,117189,月
20200204,183686,火
20200205,104666,水
20200206,96108,木
20200207,118127,金
20200208,106771,土
20200210,108206,月
20200211,170595,火
20200212,101993,水
20200213,114308,木
20200214,119653,金
20200215,113281,土
20200217,117481,月
20200218,157985,火
20200219,101954,水
20200220,104987,木
20200221,130442,金
20200222,117856,土
20200224,117101,月
20200225,165672,火
20200226,99609,水
20200227,109688,木
20200228,146675,金
20200229,158619,土
20200302,156910,月
20200303,151896,火
20200304,76846,水
20200305,93028,木
20200306,90221,金
20200307,94773,土
20200309,99834,月
20200310,137224,火
20200311,109514,水
20200312,139922,木
20200313,129333,金
20200314,91584,土
20200316,74815,月
20200317,138619,火
20200318,88989,水
20200319,110718,木
20200320,137095,金
20200321,141939,土
20200323,126588,月
20200324,191736,火
20200325,104149,水
20200326,109340,木
20200327,102092,金
20200328,92586,土
20200330,113247,月
20200331,182798,火
20200401,116468,水
20200402,130474,木
20200403,111562,金
20200404,120673,土
20200406,123581,月
20200407,145165,火
20200408,115955,水
20200409,136540,木
20200410,122332,金
20200411,109876,土
20200413,140559,月
20200414,167579,火
20200415,96895,水
20200416,99989,木
20200417,127640,金
20200418,122627,土
20200420,112007,月
20200421,160012,火
20200422,91457,水
20200423,104534,木
20200424,115072,金
20200425,108142,土
20200427,110733,月
20200428,168416,火
20200429,103175,水
20200430,107345,木
20200501,124576,金
20200502,118933,土
20200504,110917,月
20200505,148634,火
20200506,99515,水
20200507,87450,木
20200508,105622,金
20200509,97516,土
20200511,98717,月
20200512,145334,火
20200513,93454,水
20200514,90136,木
20200515,113780,金
20200516,98339,土
20200518,98743,月
20200519,158572,火
20200520,92922,水
20200521,84546,木
20200522,108176,金
20200523,100882,土
20200525,94529,月
20200526,162541,火
20200527,101754,水
20200528,96349,木
20200529,116029,金
20200530,103302,土
20200601,104704,月
20200602,170691,火
20200603,99187,水
20200604,97839,木
20200605,115773,金
20200606,118316,土
20200608,111681,月
20200609,182064,火
20200610,107322,水
20200611,102209,木
20200612,122798,金
20200613,98572,土
20200615,97540,月
20200616,162947,火
20200617,105727,水
20200618,103687,木
20200619,120768,金
20200620,102340,土
20200622,100348,月
20200623,164868,火
20200624,97780,水
20200625,91755,木
20200626,119438,金
20200627,114339,土
20200629,102911,月
20200630,180905,火
20200701,107731,水
20200702,95113,木
20200703,111692,金
20200704,117953,土
20200706,101047,月
20200707,176755,火
20200708,98990,水
20200709,91484,木
20200710,112528,金
20200711,104210,土
20200713,104700,月
20200714,187804,火
20200715,100251,水
20200716,96419,木
20200717,124585,金
20200718,111105,土
20200720,94413,月
20200721,179649,火
20200722,101847,水
20200723,96188,木
20200724,119408,金
20200725,107434,土
20200727,113719,月
20200728,175121,火
20200729,97255,水
20200730,98739,木
20200731,113598,金
20200801,129945,土
20200803,101930,月
20200804,185455,火
20200805,103612,水
20200806,99612,木
20200807,123340,金
20200808,112706,土
20200810,105992,月
20200811,178697,火
20200812,104493,水
20200813,96700,木
20200814,117018,金
20200815,102891,土
20200817,109902,月
20200818,173794,火
20200819,96753,水
20200820,94295,木
20200821,116184,金
20200822,109024,土
20200824,105038,月
20200825,188695,火
20200826,101866,水
20200827,102550,木
20200828,128172,金
20200829,102846,土
20200831,129226,月
20200901,189320,火
20200902,106603,水
20200903,108785,木
20200904,138106,金
20200905,143627,土
20200907,112922,月
20200908,192611,火
20200909,102680,水
20200910,96923,木
20200911,124210,金
20200912,124178,土
20200914,115926,月
20200915,168051,火
20200916,112311,水
20200917,113814,木
20200918,123559,金
20200919,124599,土
20200921,105454,月
20200922,159088,火
20200923,110547,水
20200924,100009,木
20200925,110617,金
20200926,107379,土
20200928,100188,月
20200929,176676,火
20200930,111211,水
20201001,98429,木
20201002,124968,金
20201003,120412,土
20201005,107060,月
20201006,169274,火
20201007,104050,水
20201008,96330,木
20201009,103832,金
20201010,119194,土
20201012,105007,月
20201013,162597,火
20201014,103436,水
20201015,106568,木
20201016,121361,金
20201017,105569,土
20201019,107048,月
20201020,162896,火
20201021,98085,水
20201022,96091,木
20201023,111251,金
20201024,106041,土
20201026,108555,月
20201027,178349,火
20201028,107702,水
20201029,99243,木
20201030,123192,金
20201031,109247,土
20201102,105623,月
20201103,177836,火
20201104,106795,水
20201105,132963,木
20201106,119447,金
20201107,115611,土
20201109,107547,月
20201110,174039,火
20201111,101933,水
20201112,98870,木
20201113,114149,金
20201114,104826,土
20201116,100391,月
20201117,178439,火
20201118,110496,水
20201119,95471,木
20201120,114609,金
20201121,103447,土
20201123,110401,月
20201124,173024,火
20201125,121787,水
20201126,124021,木
20201127,124869,金
20201128,140283,土
20201130,108426,月
20201201,179802,火
20201202,110497,水
20201203,117844,木
20201204,136356,金
20201205,140015,土
20201207,107009,月
20201208,200493,火
20201209,114143,水
20201210,110473,木
20201211,124647,金
20201212,114326,土
20201214,97428,月
20201215,189081,火
20201216,123674,水
20201217,112560,木
20201218,123476,金
20201219,119217,土
20201221,104361,月
20201222,193208,火
20201223,127393,水
20201224,109734,木
20201225,126744,金
20201226,124123,土
20201228,132760,月
20201229,199336,火
20201230,136381,水
20201231,89017,木
20210101,52555,金
20210102,56101,土
20210104,83133,月
20210105,135301,火
20210106,97955,水
20210107,98161,木
20210108,116511,金
20210109,112111,土
20210111,98529,月
20210112,171291,火
20210113,105294,水
20210114,87579,木
20210115,105181,金
20210116,102041,土
20210118,102632,月
20210119,158162,火
20210120,90218,水
20210121,100622,木
20210122,109919,金
20210123,94692,土
20210125,91641,月
20210126,146986,火
20210127,102697,水
20210128,92851,木
20210129,114413,金
20210130,100005,土
20210201,99098,月
20210202,168901,火
20210203,101113,水
20210204,93394,木
20210205,110756,金
20210206,99898,土
20210208,101503,月
20210209,175047,火
20210210,107972,水
20210211,97582,木
20210212,111425,金
20210213,113559,土
20210215,95384,月
20210216,159292,火
20210217,96065,水
20210218,94365,木
20210219,111030,金
20210220,99952,土
20210222,105166,月
20210223,165652,火
20210224,113055,水
20210225,98808,木
20210226,130352,金
20210227,107216,土
20210301,107626,月
20210302,171997,火
20210303,104239,水
20210304,91148,木
20210305,109221,金
20210306,104211,土
20210308,102190,月
20210309,174137,火
20210310,100922,水
20210311,82778,木
20210312,120799,金
20210313,115417,土
20210315,90104,月
20210316,157226,火
20210317,108276,水
20210318,97837,木
20210319,123926,金
20210320,123237,土
20210322,89882,月
20210323,163166,火
20210324,114607,水
20210325,90504,木
20210326,109509,金
20210327,113142,土
20210329,106024,月
20210330,172683,火
20210331,111861,水
20210401,96279,木
20210402,116215,金
20210403,117763,土
20210405,103792,月
20210406,177377,火
20210407,115729,水
20210408,94614,木
20210409,113559,金
20210410,115490,土
20210412,108375,月
20210413,176718,火
20210414,114375,水
20210415,98574,木
20210416,110359,金
20210417,124005,土
20210419,112808,月
20210420,176191,火
20210421,126117,水
20210422,102162,木
20210423,119219,金
20210424,118250,土
20210426,114064,月
20210427,184437,火
20210428,133095,水
20210429,95540,木
20210430,117486,金
20210501,123064,土
20210503,102585,月
20210504,161720,火
20210505,113630,水
20210506,97626,木
20210507,115395,金
20210508,121394,土
20210510,101721,月
20210511,165180,火
20210512,111614,水
20210513,99565,木
20210514,110565,金
20210515,112502,土
20210517,106767,月
20210518,166483,火
20210519,117342,水
20210520,86580,木
20210521,111983,金
20210522,107582,土
20210524,106353,月
20210525,166329,火
20210526,120526,水
20210527,102829,木
20210528,118303,金
20210529,110481,土
20210531,110304,月
20210601,173495,火
20210602,122554,水
20210603,102508,木
20210604,134122,金
20210605,120701,土
20210607,108445,月
20210608,176931,火
20210609,122598,水
20210610,100036,木
20210611,126380,金
20210612,128923,土
20210614,104817,月
20210615,177769,火
20210616,122770,水
20210617,94491,木
20210618,120719,金
20210619,122715,土
20210621,104061,月
20210622,175375,火
20210623,131797,水
20210624,100038,木
20210625,122955,金
20210626,124255,土
20210628,109008,月
20210629,175990,火
20210630,127255,水
20210701,94794,木
20210702,123903,金
20210703,110904,土
20210705,92475,月
20210706,170952,火
20210707,115859,水
20210708,103669,木
20210709,124218,金
20210710,110582,土
20210712,101949,月
20210713,186025,火
20210714,120965,水
20210715,104394,木
20210716,118256,金
20210717,117655,土
20210719,106922,月
20210720,180927,火
20210721,132038,水
20210722,103206,木
20210723,123047,金
20210724,125245,土
20210726,100752,月
20210727,176983,火
20210728,120192,水
20210729,89522,木
20210730,116006,金
20210731,104462,土
20210802,103668,月
20210803,181273,火
20210804,112981,水
20210805,91037,木
20210806,120140,金
20210807,115510,土
20210809,97141,月
20210810,161447,火
20210811,107311,水
20210812,90318,木
20210813,115286,金
20210814,106189,土
20210816,79447,月
20210817,140968,火
20210818,93704,水
20210819,89366,木
20210820,115523,金
20210821,116606,土
20210823,104667,月
20210824,174505,火
20210825,112358,水
20210826,97404,木
20210827,121126,金
20210828,113066,土
20210830,103582,月
20210831,166049,火
20210901,125672,水
20210902,94735,木
20210903,115470,金
20210904,123334,土
20210906,97136,月
20210907,174727,火
20210908,113698,水
20210909,91878,木
20210910,115684,金
20210911,114408,土
20210913,99499,月
20210914,172788,火
20210915,116292,水
20210916,102975,木
20210917,119912,金
20210918,118175,土
20210920,99501,月
20210921,157159,火
20210922,105563,水
20210923,94605,木
20210924,121389,金
20210925,112369,土
20210927,110449,月
20210928,160438,火
20210929,105414,水
20210930,86495,木
20211001,117816,金
20211002,104532,土
20211004,101716,月
20211005,164815,火
20211006,120860,水
20211007,101920,木
20211008,119373,金
20211009,109758,土
20211011,104419,月
20211012,174840,火
20211013,113927,水
20211014,85925,木
20211015,107075,金
20211016,116056,土
20211018,103067,月
20211019,165837,火
20211020,113247,水
20211021,93155,木
20211022,124764,金
20211023,112623,土
20211025,103938,月
20211026,177153,火
20211027,131719,水
20211028,106922,木
20211029,123835,金
20211030,117440,土
20211101,105884,月
20211102,174359,火
20211103,123371,水
20211104,96416,木
20211105,118631,金
20211106,125469,土
20211108,106717,月
20211109,169439,火
20211110,110427,水
20211111,88462,木
20211112,116203,金
20211113,115007,土
20211115,91118,月
20211116,160610,火
20211117,118726,水
20211118,98630,木
20211119,115206,金
20211120,122086,土
20211122,121148,月
20211123,159314,火
20211124,111996,水
20211125,87807,木
20211126,126337,金
20211127,146816,土
20211129,111604,月
20211130,166934,火
20211201,124040,水
20211202,105044,木
20211203,127865,金
20211204,125030,土
20211206,103948,月
20211207,188838,火
20211208,126233,水
20211209,95443,木
20211210,122634,金
20211211,138082,土
20211213,98078,月
20211214,171049,火
20211215,126182,水
20211216,100766,木
20211217,129665,金
20211218,124443,土
20211220,100343,月
20211221,169608,火
20211222,132006,水
20211223,101756,木
20211224,118372,金
20211225,114875,土
20211227,131043,月
20211228,173520,火
20211229,133518,水
20211230,99052,木
20211231,90805,金
20220101,34139,土
20220103,82352,月
20220104,141367,火
20220105,106338,水
20220106,88857,木
20220107,108450,金
20220108,97257,土
20220110,90701,月
20220111,151559,火
20220112,108858,水
20220113,87947,木
20220114,106324,金
20220115,103891,土
20220117,96995,月
20220118,163220,火
20220119,107486,水
20220120,86534,木
20220121,106088,金
20220122,99456,土
20220124,99269,月
20220125,155630,火
20220126,113085,水
20220127,97091,木
20220128,107142,金
20220129,100472,土
20220131,101859,月
20220201,161605,火
20220202,106255,水
20220203,92008,木
20220204,110173,金
20220205,108300,土
20220207,100338,月
20220208,169981,火
20220209,108985,水
20220210,91381,木
20220211,114851,金
20220212,88542,土
20220214,94827,月
20220215,157625,火
20220216,97475,水
20220217,98010,木
20220218,112672,金
20220219,110096,土
20220221,97289,月
20220222,152439,火
20220223,104388,水
20220224,89174,木
20220225,112556,金
20220226,111440,土
20220228,104551,月
20220301,159708,火
20220302,111067,水
20220303,96224,木
20220304,109414,金
20220305,108615,土
20220307,99902,月
20220308,174099,火
20220309,112039,水
20220310,88683,木
20220311,116028,金
20220312,106272,土
20220314,106802,月
20220315,165424,火
20220316,103372,水
20220317,96177,木
20220318,113899,金
20220319,103164,土
20220321,92377,月
20220322,152278,火
20220323,106018,水
20220324,83675,木
20220325,107907,金
20220326,116430,土
20220328,106047,月
20220329,166393,火
20220330,115831,水
20220331,94279,木
20220401,119937,金
20220402,112608,土
20220404,100971,月
20220405,162206,火
20220406,115291,水
20220407,94474,木
20220408,111350,金
20220409,107297,土
20220411,95933,月
20220412,174774,火
20220413,115504,水
20220414,100848,木
20220415,116875,金
20220416,109735,土
20220418,104045,月
20220419,165977,火
20220420,112960,水
20220421,92152,木
20220422,113099,金
20220423,106310,土
20220425,104457,月
20220426,162611,火
20220427,125751,水
20220428,91586,木
20220429,109744,金
20220430,108232,土
20220502,96848,月
20220503,148361,火
20220504,109616,水
20220505,89083,木
20220506,109564,金
20220507,120270,土
20220509,96483,月
20220510,154154,火
20220511,109493,水
20220512,92712,木
20220513,112762,金
20220514,106573,土
20220516,99498,月
20220517,156988,火
20220518,118348,水
20220519,92479,木
20220520,111727,金
20220521,107137,土
20220523,98348,月
20220524,160133,火
20220525,112414,水
20220526,97651,木
20220527,124880,金
20220528,141828,土
20220530,99136,月
20220531,167784,火
20220601,117824,水
20220602,98234,木
20220603,118345,金
20220604,122802,土
20220606,106361,月
20220607,178415,火
20220608,114955,水
20220609,91927,木
20220610,119408,金
20220611,118485,土
20220613,99831,月
20220614,162894,火
20220615,115131,水
20220616,94304,木
20220617,118420,金
20220618,121327,土
20220620,101579,月
20220621,165087,火
20220622,125495,水
20220623,98372,木
20220624,115703,金
20220625,117741,土
20220627,108389,月
20220628,175771,火
20220629,141676,水
20220630,103699,木
20220701,133581,金
20220702,133723,土
20220704,113374,月
20220705,173639,火
20220706,124149,水
20220707,98932,木
20220708,113681,金
20220709,117191,土
20220711,99044,月
20220712,164636,火
20220713,115598,水
20220714,89970,木
20220715,106013,金
20220716,99922,土
20220718,93401,月
20220719,165312,火
20220720,113762,水
20220721,93093,木
20220722,114309,金
20220723,106779,土
20220725,96143,月
20220726,157735,火
20220727,119731,水
20220728,92465,木
20220729,115073,金
20220730,110581,土
20220801,103076,月
20220802,170485,火
20220803,112243,水
20220804,95095,木
20220805,109437,金
20220806,105424,土
20220808,96541,月
20220809,162799,火
20220810,112800,水
20220811,85025,木
20220812,116595,金
20220813,111932,土
20220815,84583,月
20220816,146830,火
20220817,107809,水
20220818,97257,木
20220819,112260,金
20220820,117103,土
20220822,99968,月
20220823,165542,火
20220824,102644,水
20220825,88111,木
20220826,113548,金
20220827,117221,土
20220829,97356,月
20220830,159629,火
20220831,108289,水
20220901,94817,木
20220902,119529,金
20220903,118931,土
20220905,98960,月
20220906,170846,火
20220907,124995,水
20220908,95941,木
20220909,110589,金
20220910,122915,土
20220912,98037,月
20220913,167918,火
20220914,113160,水
20220915,89888,木
20220916,109932,金
20220917,123256,土
20220919,94660,月
20220920,150575,火
20220921,105474,水
20220922,84116,木
20220923,108234,金
20220924,109737,土
20220926,96515,月
20220927,151844,火
20220928,110328,水
20220929,93477,木
20220930,109765,金
